sku,brand,original_name,display_title,product_type,volume,collection,fragrance,stock,aging,trade_price,has_image,has_description,tier,evidence_A,evidence_B,evidence_C,fragrance_A,independent_sources,independent_A,independent_bestseller,independent_ru_retail,promotion_rank,high_stock_push,promotion_blocked,rationale
545445222,AROMAgroup,Розовый перец катридж AG 110 мл.,Розовый перец,machine_cartridge,110 мл,,Розовый перец,1,unknown,null,True,True,NORMAL,0,1,0,0,1,0,0,1,,False,False,"Подтверждена внешняя представленность аромата/модели, но сочетания сильных независимых сигналов недостаточно."
323244211,AROMAgroup,Игристая малина картридж AG 110 мл.,Игристая малина,machine_cartridge,110 мл,,Игристая малина,1,unknown,null,True,True,SLOW,0,0,1,0,0,0,0,0,,False,False,В выполненном поиске не найден надёжно сопоставленный сигнал либо карточка не готова; это не доказательство отсутствия спроса.
454569087,AROMAgroup,Бали картридж AG 110 мл.,Бали,machine_cartridge,110 мл,,Бали,1,unknown,null,True,True,NORMAL,0,1,0,0,0,0,0,0,,False,False,"Подтверждена внешняя представленность аромата/модели, но сочетания сильных независимых сигналов недостаточно."
7c1b6caa-5341-11ed-8c25-7c8bca00854e,AROMAgroup,Пина колада картридж AG 110 мл.,Пина колада,machine_cartridge,110 мл,,Пина колада,1,unknown,null,True,True,SLOW,0,0,1,0,0,0,0,0,,False,False,В выполненном поиске не найден надёжно сопоставленный сигнал либо карточка не готова; это не доказательство отсутствия спроса.
3246675,AROMAgroup,Розовое просекко картридж AG 150 мл.,Розовое просекко,machine_cartridge,150 мл,,Розовое просекко,1,unknown,null,True,True,NORMAL,0,2,0,0,1,0,0,1,,False,False,"Подтверждена внешняя представленность аромата/модели, но сочетания сильных независимых сигналов недостаточно."
N020445,VINOVE,Ароматизатор для автомобиля / VINOVE EVOLUTION EXCELLENCE/ ROME/ РИМ,Ароматизатор для автомобиля,car_fragrance,,VINOVE EVOLUTION EXCELLENCE,ROME,2,unknown,null,True,True,NORMAL,0,1,0,0,1,0,0,0,,False,False,"Подтверждена внешняя представленность аромата/модели, но сочетания сильных независимых сигналов недостаточно."
N020438,VINOVE,Ароматизатор для автомобиля / VINOVE LEATHER ESPRESSO /коричневая кожа/ INDIANAPOLIS/ ИНДИАНАПОЛИС,Ароматизатор для автомобиля,car_fragrance,,VINOVE LEATHER ESPRESSO,INDIANAPOLIS,2,unknown,null,True,True,NORMAL,0,1,0,0,1,0,0,0,,False,False,"Подтверждена внешняя представленность аромата/модели, но сочетания сильных независимых сигналов недостаточно."
N020434,VINOVE,Ароматизатор для автомобиля / VINOVE LEATHER IVORY /светлая кожа/ MONZA/ МОНЦА,Ароматизатор для автомобиля,car_fragrance,,VINOVE LEATHER IVORY,MONZA,3,unknown,null,True,True,NORMAL,0,2,0,0,2,0,0,0,,True,False,"Подтверждена внешняя представленность аромата/модели, но сочетания сильных независимых сигналов недостаточно. Остаток ≥3: отдельная очередь high-stock push; остаток не повышает силу спроса."
DV250TFU,TEATRO Fragranze Uniche,"TEATRO Диффузор с палочками DOLCE VANIGLIA / Сладкая ваниль, 250 мл",DOLCE VANIGLIA,reed_diffuser,250 мл,,DOLCE VANIGLIA,2,unknown,null,True,True,STRONG,0,5,0,0,4,0,0,2,11,False,False,Есть прямой сигнал для аромата плюс независимая представленность либо два независимых российских продавца. Не статус бестселлера VOZDOOH.
FF250TFU,TEATRO Fragranze Uniche,"TEATRO Диффузор с палочками FOGLIE DI FICO / Листья инжира, 250 мл",FOGLIE DI FICO,reed_diffuser,250 мл,,FOGLIE DI FICO,2,unknown,null,True,True,NORMAL,0,3,0,0,3,0,0,1,16,False,False,"Подтверждена внешняя представленность аромата/модели, но сочетания сильных независимых сигналов недостаточно."
II250TFU,TEATRO Fragranze Uniche,"TEATRO Диффузор с палочками INCENSO IMPERIALE / Императорские благовония, 250 мл",INCENSO IMPERIALE,reed_diffuser,250 мл,,INCENSO IMPERIALE,1,unknown,null,True,True,NORMAL,0,3,0,0,3,0,0,1,23,False,False,"Подтверждена внешняя представленность аромата/модели, но сочетания сильных независимых сигналов недостаточно."
VM250TFU,TEATRO Fragranze Uniche,"TEATRO Диффузор с палочками VENTO DI MARE / Морской ветер, 250 мл",VENTO DI MARE,reed_diffuser,250 мл,,VENTO DI MARE,1,unknown,null,True,True,NORMAL,0,2,0,0,2,0,0,0,,False,False,"Подтверждена внешняя представленность аромата/модели, но сочетания сильных независимых сигналов недостаточно."
FLC250TFU,TEATRO Fragranze Uniche,"TEATRO Диффузор с палочками FIORE / Цветок Luxury collection, 250 мл",FIORE,reed_diffuser,250 мл,Luxury collection,FIORE,1,unknown,null,True,True,NORMAL,0,3,0,0,3,0,0,1,22,False,False,"Подтверждена внешняя представленность аромата/модели, но сочетания сильных независимых сигналов недостаточно."
ORO500RTFU,TEATRO Fragranze Uniche,"TEATRO Рефилл для диффузора ORO / Золото Luxury collection, 500 мл",ORO,diffuser_refill,500 мл,Luxury collection,ORO,1,unknown,null,True,True,NORMAL,0,1,0,0,1,0,0,0,,False,False,"Подтверждена внешняя представленность аромата/модели, но сочетания сильных независимых сигналов недостаточно."
BAST500NTFU,TEATRO Fragranze Uniche,TEATRO Бокс №12 Черные бамбуковые палочки 36см для диффузора 500мл,Бокс №12 Черные бамбуковые палочки 36см для а,diffuser_sticks,,,,8,unknown,null,True,True,SLOW,0,0,1,0,0,0,0,0,,True,False,В выполненном поиске не найден надёжно сопоставленный сигнал либо карточка не готова; это не доказательство отсутствия спроса. Остаток ≥3: отдельная очередь high-stock push; остаток не повышает силу спроса.
33421956,AROMAgroup,Кофе с ликером картридж AG 150мл пласт.,Кофе с ликером,machine_cartridge,150 мл,,Кофе с ликером,1,unknown,null,True,True,SLOW,0,0,1,0,0,0,0,0,,False,False,В выполненном поиске не найден надёжно сопоставленный сигнал либо карточка не готова; это не доказательство отсутствия спроса.
382873,Castelbel,Бабочки / BUTTERFLIES диффузор 250 мл,Бабочки,reed_diffuser,250 мл,,BUTTERFLIES,1,unknown,null,True,True,NORMAL,0,1,0,0,1,0,0,0,,False,False,"Подтверждена внешняя представленность аромата/модели, но сочетания сильных независимых сигналов недостаточно."
382784,Castelbel,Кокос / Coconut ароматическое саше,Кокос,scented_sachet,,,Coconut,1,unknown,null,True,True,NORMAL,0,1,0,0,1,0,0,0,,False,False,"Подтверждена внешняя представленность аромата/модели, но сочетания сильных независимых сигналов недостаточно."
382777,Castelbel,Цветы хлопка / Cotton Flower ароматическое саше,Цветы хлопка,scented_sachet,,,Cotton Flower,2,unknown,null,True,True,NORMAL,0,1,0,0,1,0,0,0,,False,False,"Подтверждена внешняя представленность аромата/модели, но сочетания сильных независимых сигналов недостаточно."
22fimr,Millefiori Milano,Hydro/концентрат для арома лампы Цветок мимозы 15 ml,Цветок мимозы,water_soluble_fragrance,15 мл,,Mimosa Flower,2,unknown,null,True,True,NORMAL,0,1,0,0,1,0,0,0,,False,False,"Подтверждена внешняя представленность аромата/модели, но сочетания сильных независимых сигналов недостаточно."
98049E,WoodWick,Woodwick/ Свеча маленькая Пряная ежевика 85 гр.,Пряная ежевика,candle,85 г,,Пряная ежевика,1,unknown,null,False,False,SLOW,0,0,1,0,0,0,0,0,,False,True,"Конфликт SKU: editorial связывает 98049E с Coastal Sunset, исходное название — Пряная ежевика. Нужна сверка упаковки/штрихкода. Продвижение заблокировано. Нет пригодного существующего фото."
5432311112,AROMAgroup,Табак и ваниль картридж AG 110мл пласт.,Табак и ваниль,machine_cartridge,110 мл,,Табак и ваниль,1,unknown,null,True,True,NORMAL,0,1,0,0,0,0,0,0,,False,False,"Подтверждена внешняя представленность аромата/модели, но сочетания сильных независимых сигналов недостаточно."
BD500TFU,TEATRO Fragranze Uniche,"TEATRO Диффузор с палочками BIANCO DIVINO / Божественный белый, 500 мл",BIANCO DIVINO,reed_diffuser,500 мл,,BIANCO DIVINO,1,unknown,null,True,True,STRONG,0,4,0,0,4,0,0,2,12,False,False,Есть прямой сигнал для аромата плюс независимая представленность либо два независимых российских продавца. Не статус бестселлера VOZDOOH.
LO250TFU,TEATRO Fragranze Uniche,"TEATRO Диффузор с палочками LOVE Luxury collection, 250 мл",LOVE,reed_diffuser,250 мл,Luxury collection,LOVE,1,unknown,null,True,True,NORMAL,0,1,0,0,1,0,0,0,,False,False,"Подтверждена внешняя представленность аромата/модели, но сочетания сильных независимых сигналов недостаточно."
ROU250TFU,TEATRO Fragranze Uniche,"TEATRO Диффузор с палочками ROSE OUD / Роза & Уд Luxury collection, 250 мл",ROSE OUD,reed_diffuser,250 мл,Luxury collection,ROSE OUD,2,unknown,null,True,True,NORMAL,0,3,0,0,3,0,0,1,17,False,False,"Подтверждена внешняя представленность аромата/модели, но сочетания сильных независимых сигналов недостаточно."
DI250TFU,TEATRO Fragranze Uniche,"TEATRO Диффузор с палочками DIAMANTE / Алмаз Luxury Collection, 250 мл",DIAMANTE,reed_diffuser,250 мл,Luxury Collection,DIAMANTE,1,unknown,null,True,True,NORMAL,0,3,0,0,3,0,0,1,21,False,False,"Подтверждена внешняя представленность аромата/модели, но сочетания сильных независимых сигналов недостаточно."
AG250TFU,TEATRO Fragranze Uniche,"TEATRO Диффузор с палочками BORGO DEGLI AGRUMI / Пригород цитрусовых, 250мл",BORGO DEGLI AGRUMI,reed_diffuser,250 мл,,BORGO DEGLI AGRUMI,2,unknown,null,True,True,NORMAL,0,2,0,0,2,0,0,0,,False,False,"Подтверждена внешняя представленность аромата/модели, но сочетания сильных независимых сигналов недостаточно."
655467,TEATRO Fragranze Uniche,"TEATRO Диффузор с палочками DOLCE VANIGLIA / Сладкая ваниль, 500 мл",DOLCE VANIGLIA,reed_diffuser,500 мл,,DOLCE VANIGLIA,2,unknown,null,True,True,STRONG,0,5,0,0,4,0,0,2,10,False,False,Есть прямой сигнал для аромата плюс независимая представленность либо два независимых российских продавца. Не статус бестселлера VOZDOOH.
9a227639-b1a0-11ed-a1a3-7c8bca00854e,AROMAgroup,Жидкость для промывки картридж AG 110мл пласт.,Жидкость для промывки,cleaning_fluid,110 мл,,,2,unknown,null,False,True,SLOW,0,1,0,0,1,0,0,0,,False,True,В выполненном поиске не найден надёжно сопоставленный сигнал либо карточка не готова; это не доказательство отсутствия спроса. Нет пригодного существующего фото.
N020325,VINOVE,Ароматизатор для автомобиля / VINOVE JEWELRY / LONDON / ЛОНДОН,Ароматизатор для автомобиля,car_fragrance,,VINOVE JEWELRY,LONDON,1,unknown,null,True,True,NORMAL,0,1,0,0,1,0,0,0,,False,False,"Подтверждена внешняя представленность аромата/модели, но сочетания сильных независимых сигналов недостаточно."
N020316,VINOVE,Сменный блок ароматизатора SILVERSTONE / СИЛЬВЕРСТОУН,Сменный блок ароматизатора SILVERSTONE,car_refill,,,SILVERSTONE,1,unknown,null,True,True,NORMAL,0,1,0,0,1,0,0,0,,False,False,"Подтверждена внешняя представленность аромата/модели, но сочетания сильных независимых сигналов недостаточно."
N020291,Christian Tortu,Аромадиффузор 250 мл Christian Tortu /TUBEROSE/ ТУБЕРОЗА,TUBEROSE,reed_diffuser,250 мл,,TUBEROSE,2,unknown,null,True,True,NORMAL,0,2,0,0,2,0,0,1,19,False,False,"Подтверждена внешняя представленность аромата/модели, но сочетания сильных независимых сигналов недостаточно."
N019873,Christian Tortu,Аромапопурри Christian Tortu /JARDIN CITRUS/ ЦИТРУСОВЫЕ САДЫ,JARDIN CITRUS,potpourri,,,JARDIN CITRUS,1,unknown,null,True,True,NORMAL,0,2,0,0,2,0,0,1,,False,False,"Подтверждена внешняя представленность аромата/модели, но сочетания сильных независимых сигналов недостаточно."
N019834,Christian Tortu,Аромапопурри Christian Tortu /VERT FRAIS/ СВЕЖЕСТЬ ЗЕЛЕНИ,VERT FRAIS,potpourri,,,VERT FRAIS,1,unknown,null,True,True,NORMAL,0,2,0,0,2,0,0,1,,False,False,"Подтверждена внешняя представленность аромата/модели, но сочетания сильных независимых сигналов недостаточно."
N019901,Christian Tortu,Керамическая ваза для аромапопурри Christian Tortu,Керамическая ваза для,potpourri_vessel,,,,2,unknown,null,True,True,NORMAL,0,2,0,0,2,0,0,2,,False,False,"Подтверждена внешняя представленность аромата/модели, но сочетания сильных независимых сигналов недостаточно."
N019836,Christian Tortu,Сменный аромат для аромапопурри 15 мл Christian Tortu/JARDIN CITRUS/ ЦИТРУСОВЫЕ САДЫ,JARDIN CITRUS,potpourri_refresher,15 мл,,JARDIN CITRUS,1,unknown,null,True,True,NORMAL,0,2,0,0,2,0,0,1,,False,False,"Подтверждена внешняя представленность аромата/модели, но сочетания сильных независимых сигналов недостаточно."
N019900,Christian Tortu,Сменный аромат для аромапопурри 15 мл Christian Tortu/VERT FRAIS/ СВЕЖЕСТЬ ЗЕЛЕНИ,VERT FRAIS,potpourri_refresher,15 мл,,VERT FRAIS,1,unknown,null,True,True,NORMAL,0,2,0,0,2,0,0,1,,False,False,"Подтверждена внешняя представленность аромата/модели, но сочетания сильных независимых сигналов недостаточно."
N020408,VINOVE,Сменный блок ароматизатора MARANELLO/ МАРАНЕЛЛО,Сменный блок ароматизатора MARANELLO,car_refill,,,MARANELLO,1,unknown,null,True,True,NORMAL,0,1,0,0,1,0,0,0,,False,False,"Подтверждена внешняя представленность аромата/модели, но сочетания сильных независимых сигналов недостаточно."
N020566,VINOVE,Сменный блок ароматизатора MIAMI/ МАЯМИ,Сменный блок ароматизатора MIAMI,car_refill,,,MIAMI,1,unknown,null,True,True,NORMAL,0,1,0,0,1,0,0,0,,False,False,"Подтверждена внешняя представленность аромата/модели, но сочетания сильных независимых сигналов недостаточно."
76544,AROMAgroup,Магма картридж AG 100мл пласт.,Магма,machine_cartridge,100 мл,,Магма,2,unknown,null,True,True,NORMAL,0,1,0,0,1,0,0,1,,False,False,"Подтверждена внешняя представленность аромата/модели, но сочетания сильных независимых сигналов недостаточно."
223211,AROMAgroup,Текила Санрайз картридж AG 100мл пласт.,Текила Санрайз,machine_cartridge,100 мл,,Текила Санрайз,1,unknown,null,True,True,SLOW,0,0,1,0,0,0,0,0,,False,False,В выполненном поиске не найден надёжно сопоставленный сигнал либо карточка не готова; это не доказательство отсутствия спроса.
32131,AROMAgroup,Бордо картридж AG 110мл пласт.,Бордо,machine_cartridge,110 мл,,Бордо,3,unknown,null,True,True,NORMAL,0,1,0,0,1,0,0,0,,True,False,"Подтверждена внешняя представленность аромата/модели, но сочетания сильных независимых сигналов недостаточно. Остаток ≥3: отдельная очередь high-stock push; остаток не повышает силу спроса."
787532,AROMAgroup,Тадж- Махал картридж AG 110мл пласт.,Тадж- Махал,machine_cartridge,110 мл,,Тадж- Махал,1,unknown,null,True,True,SLOW,0,0,1,0,0,0,0,0,,False,False,В выполненном поиске не найден надёжно сопоставленный сигнал либо карточка не готова; это не доказательство отсутствия спроса.
137897,AROMAgroup,Бербери картридж AG 110мл пласт.,Бербери,machine_cartridge,110 мл,,Бербери,1,unknown,null,True,True,NORMAL,0,1,0,0,1,0,0,0,,False,False,"Подтверждена внешняя представленность аромата/модели, но сочетания сильных независимых сигналов недостаточно."
0789,AROMAgroup,Мальдивы картридж AG 110мл пласт.,Мальдивы,machine_cartridge,110 мл,,Мальдивы,1,unknown,null,True,True,NORMAL,0,1,0,0,0,0,0,0,,False,False,"Подтверждена внешняя представленность аромата/модели, но сочетания сильных независимых сигналов недостаточно."
99889898,AROMAgroup,Магма картридж AG 500мл пласт.,Магма,machine_cartridge,500 мл,,Магма,1,unknown,null,True,True,NORMAL,0,1,0,0,1,0,0,1,,False,False,"Подтверждена внешняя представленность аромата/модели, но сочетания сильных независимых сигналов недостаточно."
445445,,39 Сетевое з/у microUSB (СЗУ) 1.2 м.,39 Сетевое з,power_adapter,,,,4,unknown,null,False,True,SLOW,0,0,1,0,0,0,0,0,,True,True,В выполненном поиске не найден надёжно сопоставленный сигнал либо карточка не готова; это не доказательство отсутствия спроса. Нет пригодного существующего фото. Остаток ≥3: отдельная очередь high-stock push; остаток не повышает силу спроса.
2332,AROMAgroup,Красное дерево картридж AG 150мл пласт.,Красное дерево,machine_cartridge,150 мл,,Красное дерево,1,unknown,null,True,True,SLOW,0,0,1,0,0,0,0,0,,False,False,В выполненном поиске не найден надёжно сопоставленный сигнал либо карточка не готова; это не доказательство отсутствия спроса.
4356,AROMAgroup,Жидкость для промывки картридж AG 150мл пласт.,Жидкость для промывки,cleaning_fluid,150 мл,,,2,unknown,null,False,True,SLOW,0,1,0,0,1,0,0,0,,False,True,В выполненном поиске не найден надёжно сопоставленный сигнал либо карточка не готова; это не доказательство отсутствия спроса. Нет пригодного существующего фото.
3534657,AROMAgroup,Пачули картридж AG 150мл пласт.,Пачули,machine_cartridge,150 мл,,Пачули,1,unknown,null,True,True,NORMAL,0,1,0,0,0,0,0,0,,False,False,"Подтверждена внешняя представленность аромата/модели, но сочетания сильных независимых сигналов недостаточно."
088976,AROMAgroup,Мальдивы картридж AG 150мл пласт.,Мальдивы,machine_cartridge,150 мл,,Мальдивы,1,unknown,null,True,True,NORMAL,0,1,0,0,0,0,0,0,,False,False,"Подтверждена внешняя представленность аромата/модели, но сочетания сильных независимых сигналов недостаточно."
5445098,AROMAgroup,Тадж- Махал картридж AG 150мл пласт.,Тадж- Махал,machine_cartridge,150 мл,,Тадж- Махал,1,unknown,null,True,True,SLOW,0,0,1,0,0,0,0,0,,False,False,В выполненном поиске не найден надёжно сопоставленный сигнал либо карточка не готова; это не доказательство отсутствия спроса.
N020273,VINOVE,Ароматизатор для автомобиля VINOVE ORIGINAL WARSAW | ВАРШАВА белый с розовым золотом,Ароматизатор для автомобиля ORIGINAL WARSAW | ВАРШАВА белый с розовым золотом,car_fragrance,,VINOVE ORIGINAL,WARSAW,2,unknown,null,True,True,NORMAL,0,1,0,0,1,0,0,0,,False,False,"Подтверждена внешняя представленность аромата/модели, но сочетания сильных независимых сигналов недостаточно."
bf33a951-016c-11ed-b2a4-7c8bca00854e,CULTI MILANO,Decor Classic диффузор Aramara 1000 мл,Decor Classic Aramara,reed_diffuser,1000 мл,Decor Classic,Aramara,1,unknown,null,True,True,CORE / PRIORITY,1,4,0,3,5,3,2,1,2,False,False,Два независимых явных bestseller-сигнала для конкретного аромата; карточка имеет фото и описание. Подтверждение объёма ограничено указанными evidence.
bf33a957-016c-11ed-b2a4-7c8bca00854e,CULTI MILANO,Спрей для дома Aqqua 100 мл,Aqqua,room_spray,100 мл,,Aqqua,1,unknown,null,True,True,STRONG,0,2,0,1,2,1,0,0,8,False,False,Есть прямой сигнал для аромата плюс независимая представленность либо два независимых российских продавца. Не статус бестселлера VOZDOOH.
976878,CULTI MILANO,Decor Classic диффузор Aqqua 250мл,Decor Classic Aqqua,reed_diffuser,250 мл,Decor Classic,Aqqua,1,unknown,null,True,True,STRONG,0,2,0,1,2,1,0,0,7,False,False,Есть прямой сигнал для аромата плюс независимая представленность либо два независимых российских продавца. Не статус бестселлера VOZDOOH.
78768575,CULTI MILANO,Stile Limited Alba диффузор 250мл,Stile Limited Alba,reed_diffuser,250 мл,Stile Limited,Alba,2,unknown,null,True,True,NORMAL,0,1,0,0,1,0,0,0,,False,False,"Подтверждена внешняя представленность аромата/модели, но сочетания сильных независимых сигналов недостаточно."
1113,,Ротанговые палочки 1000мл,Ротанговые палочки,diffuser_sticks,,,,1,unknown,null,False,True,SLOW,0,0,1,0,0,0,0,0,,False,True,В выполненном поиске не найден надёжно сопоставленный сигнал либо карточка не готова; это не доказательство отсутствия спроса. Нет пригодного существующего фото.
121211,,Ротанговые палочки 500мл,Ротанговые палочки,diffuser_sticks,,,,1,unknown,null,False,True,SLOW,0,0,1,0,0,0,0,0,,False,True,В выполненном поиске не найден надёжно сопоставленный сигнал либо карточка не готова; это не доказательство отсутствия спроса. Нет пригодного существующего фото.
12132,CULTI MILANO,Спрей для дома Era 100 мл,Era,room_spray,100 мл,,Era,2,unknown,null,True,True,NORMAL,0,1,0,0,1,0,0,0,,False,False,"Подтверждена внешняя представленность аромата/модели, но сочетания сильных независимых сигналов недостаточно."
46091,CULTI MILANO,Спрей для дома  The 100 мл,The,room_spray,100 мл,,The,1,unknown,null,True,True,NORMAL,0,2,0,0,2,0,0,1,,False,False,"Представленность аромата подтверждена каталогами двух независимых продавцов (Candlesbox РФ и Bloomingdale's КСА); явные сигналы спроса (bestseller, отзывы) не подтвердились при повторной проверке. Не статус бестселлера VOZDOOH."
MF-FRAGR2.06,MAMI MILANO,"MAMI MILANO Диффузор с палочками NUVOLA DI COTONE / Хлопковое облако. Коллекция PALAZZO, 200 мл",NUVOLA DI COTONE,reed_diffuser,200 мл,PALAZZO,NUVOLA DI COTONE,1,unknown,null,True,True,NORMAL,0,1,0,0,1,0,0,0,,False,False,"Подтверждена внешняя представленность аромата/модели, но сочетания сильных независимых сигналов недостаточно."
MF-FRAGR2.11,MAMI MILANO,"MAMI MILANO Диффузор с палочками FUMO DI LONDRA / Лондонский туман. Коллекция PALAZZO, 200 мл",FUMO DI LONDRA,reed_diffuser,200 мл,PALAZZO,FUMO DI LONDRA,1,unknown,null,True,True,NORMAL,0,1,0,0,1,0,0,0,,False,False,"Подтверждена внешняя представленность аромата/модели, но сочетания сильных независимых сигналов недостаточно."
GI-FRAGR2.02,MAMI MILANO,"MAMI MILANO Аромадиффузор FIOR DI LOTO / Цветок лотоса. Коллекция GIARDINO, 200 мл",FIOR DI LOTO,reed_diffuser,200 мл,GIARDINO,FIOR DI LOTO,1,unknown,null,True,True,NORMAL,0,1,0,0,1,0,0,0,,False,False,"Подтверждена внешняя представленность аромата/модели, но сочетания сильных независимых сигналов недостаточно."
GI-FRAGR2.04,MAMI MILANO,"MAMI MILANO Аромадиффузор ROSE IN FIORE / Роза в цвету. Коллекция GIARDINO, 200 мл",ROSE IN FIORE,reed_diffuser,200 мл,GIARDINO,ROSE IN FIORE,1,unknown,null,True,True,NORMAL,0,1,0,0,1,0,0,0,,False,False,"Подтверждена внешняя представленность аромата/модели, но сочетания сильных независимых сигналов недостаточно."
N020528,Lothantique,Аромадиффузор 200 мл/ AMBRE/АМБРА,AMBRE,reed_diffuser,200 мл,,AMBRE,2,unknown,null,True,True,SLOW,0,0,1,0,0,0,0,0,,False,False,В выполненном поиске не найден надёжно сопоставленный сигнал либо карточка не готова; это не доказательство отсутствия спроса.
N020468,Lothantique,Аромадиффузор 200 мл/ COTTONFLOWER/ БУКЕТХЛОПКА,COTTONFLOWER,reed_diffuser,200 мл,,COTTONFLOWER,2,unknown,null,True,True,NORMAL,0,1,0,0,1,0,0,0,,False,False,"Подтверждена внешняя представленность аромата/модели, но сочетания сильных независимых сигналов недостаточно."
N020469,Lothantique,Аромадиффузор 200 мл/ FLOWERSOF JAPAN/ЯПОНСКИЙ САД,FLOWERSOF JAPAN,reed_diffuser,200 мл,,FLOWERSOF JAPAN,1,unknown,null,True,True,NORMAL,0,2,0,0,2,0,0,0,,False,False,"Подтверждена внешняя представленность аромата/модели, но сочетания сильных независимых сигналов недостаточно."
N020458,Lothantique,Аромадиффузор 200 мл/ LES SECRETS D'ANTOINE/ СЕКРЕТЫ АНТУАНА,LES SECRETS D'ANTOINE,reed_diffuser,200 мл,,LES SECRETS D'ANTOINE,2,unknown,null,True,True,STRONG,2,1,0,2,2,2,0,0,5,False,False,Есть прямой сигнал для аромата плюс независимая представленность либо два независимых российских продавца. Не статус бестселлера VOZDOOH.
N020465,Lothantique,Аромадиффузор 200 мл/ SANDALWOOD/ САНДАЛ,SANDALWOOD,reed_diffuser,200 мл,,SANDALWOOD,2,unknown,null,True,True,NORMAL,0,2,0,1,1,1,0,0,15,False,False,"Подтверждена внешняя представленность аромата/модели, но сочетания сильных независимых сигналов недостаточно."
N020486,,Комплект светлых палочек из ротанга 18 шт. размер 23 х 3 мм,Комплект светлых палочек из ротанга 18 шт. размер 23 х 3 мм,diffuser_sticks,,,,6,unknown,null,False,True,SLOW,0,0,1,0,0,0,0,0,,True,True,В выполненном поиске не найден надёжно сопоставленный сигнал либо карточка не готова; это не доказательство отсутствия спроса. Нет пригодного существующего фото. Остаток ≥3: отдельная очередь high-stock push; остаток не повышает силу спроса.
N020480,Lothantique,Сменный аромат 200 мл/ COTTON FLOWER/ БУКЕТ ХЛОПКА,COTTON FLOWER,diffuser_refill,200 мл,,COTTON FLOWER,1,unknown,null,True,True,NORMAL,0,1,0,0,1,0,0,0,,False,False,"Подтверждена внешняя представленность аромата/модели, но сочетания сильных независимых сигналов недостаточно."
55777,Ladenac Milano,Africa набор ваза Leopard Predator 1200мл и 2 рефилла,Africa набор ваза Leopard Predator и 2 рефилла,gift_set,1200 мл,Africa,Africa набор ваза Leopard Predator и 2 рефилла,1,unknown,null,True,True,NORMAL,0,1,0,0,1,0,0,1,,False,False,"Подтверждена внешняя представленность аромата/модели, но сочетания сильных независимых сигналов недостаточно."
98676,Ladenac Milano,Africa набор ваза Zebra Camouflage 1200мл и 2 рефилла,Africa набор ваза Zebra Camouflage и 2 рефилла,gift_set,1200 мл,Africa,Africa набор ваза Zebra Camouflage и 2 рефилла,1,unknown,null,True,True,NORMAL,0,1,0,0,1,0,0,1,,False,False,"Подтверждена внешняя представленность аромата/модели, но сочетания сильных независимых сигналов недостаточно."
6545367,Ladenac Milano,Africa свеча Zebra Camouflage 350г,Africa свеча Zebra Camouflage,candle,350 г,Africa,Africa свеча Zebra Camouflage,1,unknown,null,True,True,NORMAL,0,1,0,0,1,0,0,1,,False,False,"Подтверждена внешняя представленность аромата/модели, но сочетания сильных независимых сигналов недостаточно."
453478,Ladenac Milano,Oud Collection диффузор Satin Oud golden 750мл,Oud Collection Satin Oud golden,reed_diffuser,750 мл,Oud Collection,Oud Collection Satin Oud golden,1,unknown,null,True,True,NORMAL,0,1,0,0,1,0,0,0,,False,False,"Подтверждена внешняя представленность аромата/модели, но сочетания сильных независимых сигналов недостаточно."
3232434,Ladenac Milano,Urban Senses диффузор Caviar lime Holographic 500мл,Urban Senses Caviar lime Holographic,reed_diffuser,500 мл,Urban Senses,Urban Senses Caviar lime Holographic,1,unknown,null,True,True,NORMAL,0,2,0,0,2,0,0,0,,False,False,"Подтверждена внешняя представленность аромата/модели, но сочетания сильных независимых сигналов недостаточно."
39393848,Ladenac Milano,Urban Senses диффузор Eau de Cypres Rose gold 500мл,Urban Senses Eau de Cypres Rose gold,reed_diffuser,500 мл,Urban Senses,Urban Senses Eau de Cypres Rose gold,1,unknown,null,True,True,NORMAL,0,1,0,0,1,0,0,0,,False,False,"Подтверждена внешняя представленность аромата/модели, но сочетания сильных независимых сигналов недостаточно."
8411299000985,Ladenac Milano,Urban Senses диффузор Fleur de fruit Rose gold 500мл,Urban Senses Fleur de fruit Rose gold,reed_diffuser,500 мл,Urban Senses,Urban Senses Fleur de fruit Rose gold,1,unknown,null,True,True,NORMAL,0,1,0,0,1,0,0,0,,False,False,"Подтверждена внешняя представленность аромата/модели, но сочетания сильных независимых сигналов недостаточно."
983858,Ladenac Milano,Vent d'Arabie диффузор Chergui blue 500мл,Vent d'Arabie Chergui blue,reed_diffuser,500 мл,Vent d'Arabie,Vent d'Arabie Chergui blue,1,unknown,null,True,True,NORMAL,0,2,0,0,2,0,0,0,,False,False,"Подтверждена внешняя представленность аромата/модели, но сочетания сильных независимых сигналов недостаточно."
54556,Ladenac Milano,Vent d'Arabie диффузор Rose des Sables brown 500мл,Vent d'Arabie Rose des Sables brown,reed_diffuser,500 мл,Vent d'Arabie,Vent d'Arabie Rose des Sables brown,1,unknown,null,True,True,NORMAL,0,1,0,0,1,0,0,0,,False,False,"Подтверждена внешняя представленность аромата/модели, но сочетания сильных независимых сигналов недостаточно."
089864,Ladenac Milano,Dynastie Senteur Royale диффузор silver 500мл,Dynastie Senteur Royale silver,reed_diffuser,500 мл,Dynastie,Dynastie Senteur Royale silver,1,unknown,null,True,True,NORMAL,0,2,0,0,2,0,0,1,,False,False,"Подтверждена внешняя представленность аромата/модели, но сочетания сильных независимых сигналов недостаточно."
DANHNIR250DEC,DANHERA,"Ароматизатор воздуха NIRO, 250 мл, ТМ DANHERA",NIRO,reed_diffuser,250 мл,,NIRO,1,unknown,null,True,True,STRONG,0,2,0,0,2,0,0,2,14,False,False,Есть прямой сигнал для аромата плюс независимая представленность либо два независимых российских продавца. Не статус бестселлера VOZDOOH.
344565,Ladenac Milano,Ladenac room spray Lui&Lei black gold,Lui&Lei black gold,room_spray,,,,1,unknown,null,False,True,SLOW,0,0,1,0,0,0,0,0,,False,True,Lui&Lei black gold обозначает оформление; точный аромат не указан. Продвижение заблокировано. Нет пригодного существующего фото.
MF-FRAGR2.01,MAMI MILANO,"MAMI MILANO Диффузор с палочками GHIACCIO E ZENZERO / Лед & Имбирь. Коллекция PALAZZO, 200 мл",GHIACCIO E ZENZERO,reed_diffuser,200 мл,PALAZZO,GHIACCIO E ZENZERO,2,unknown,null,True,True,NORMAL,0,1,0,0,1,0,0,0,,False,False,"Подтверждена внешняя представленность аромата/модели, но сочетания сильных независимых сигналов недостаточно."
MF-FRAGR2.02,MAMI MILANO,"MAMI MILANO Диффузор с палочками ARANCIA CANDITA / Апельсин в сахаре. Коллекция PALAZZO, 200 мл",ARANCIA CANDITA,reed_diffuser,200 мл,PALAZZO,ARANCIA CANDITA,1,unknown,null,True,True,NORMAL,0,1,0,0,1,0,0,0,,False,False,"Подтверждена внешняя представленность аромата/модели, но сочетания сильных независимых сигналов недостаточно."
MF-FRAGR2.07,MAMI MILANO,"MAMI MILANO Диффузор с палочками AQUA / Вода. Коллекция PALAZZO, 200 мл",AQUA,reed_diffuser,200 мл,PALAZZO,AQUA,2,unknown,null,True,True,NORMAL,0,1,0,0,1,0,0,0,,False,False,"Подтверждена внешняя представленность аромата/модели, но сочетания сильных независимых сигналов недостаточно."
MF-FRAGR2.09,MAMI MILANO,"MAMI MILANO Диффузор с палочками VANIGLIA E LEGNI / Ваниль & Древесина. Коллекция PALAZZO, 200 мл",VANIGLIA E LEGNI,reed_diffuser,200 мл,PALAZZO,VANIGLIA E LEGNI,2,unknown,null,True,True,NORMAL,0,1,0,0,1,0,0,0,,False,False,"Подтверждена внешняя представленность аромата/модели, но сочетания сильных независимых сигналов недостаточно."
MF-FRAGR2.12,MAMI MILANO,"MAMI MILANO Диффузор с палочками VIA DELLE SPEZIE / Улица специй. Коллекция PALAZZO, 200 мл",VIA DELLE SPEZIE,reed_diffuser,200 мл,PALAZZO,VIA DELLE SPEZIE,2,unknown,null,True,True,NORMAL,0,1,0,0,1,0,0,0,,False,False,"Подтверждена внешняя представленность аромата/модели, но сочетания сильных независимых сигналов недостаточно."
V61028,Vellutier,Vellutier / Свеча большая В пустыне 515гр / Into the Wilderness,В пустыне,candle,515 г,,Into the Wilderness,1,unknown,null,True,True,NORMAL,0,2,0,0,2,0,0,1,,False,False,"Подтверждена внешняя представленность аромата/модели, но сочетания сильных независимых сигналов недостаточно."
V61014,Vellutier,Vellutier / Свеча большая Вечерний тост 515гр / Midnight Toast,Вечерний тост,candle,515 г,,Midnight Toast,1,unknown,null,True,True,NORMAL,0,3,0,0,3,0,0,1,24,False,False,"Подтверждена внешняя представленность аромата/модели, но сочетания сильных независимых сигналов недостаточно."
V61036,Vellutier,Vellutier / Свеча большая Сибирский сосновый лес 515гр / Siberian Pine Forest,Сибирский сосновый лес,candle,515 г,,Siberian Pine Forest,1,unknown,null,True,True,NORMAL,0,2,0,0,2,0,0,0,,False,False,"Подтверждена внешняя представленность аромата/модели, но сочетания сильных независимых сигналов недостаточно."
V63017,Vellutier,Vellutier / Свеча маленькая Старинная библиотека 90гр / Vintege Library,Старинная библиотека,candle,90 г,,Vintage Library,1,unknown,null,True,True,NORMAL,0,3,0,0,2,0,0,0,,False,False,"Подтверждена внешняя представленность аромата/модели, но сочетания сильных независимых сигналов недостаточно."
V63011,Vellutier,Vellutier / Свеча маленькая Удовое дерево 90гр / Oudwood Journey,Удовое дерево,candle,90 г,,Oudwood Journey,2,unknown,null,True,True,NORMAL,0,4,0,0,3,0,0,1,18,False,False,"Подтверждена внешняя представленность аромата/модели, но сочетания сильных независимых сигналов недостаточно."
V62014,Vellutier,Vellutier / Свеча средняя Вечерний тост 225гр / Midnight Toast,Вечерний тост,candle,225 г,,Midnight Toast,1,unknown,null,True,True,NORMAL,0,3,0,0,3,0,0,1,25,False,False,"Подтверждена внешняя представленность аромата/модели, но сочетания сильных независимых сигналов недостаточно."
045850b2-9e1f-11ee-b408-d069cd63062f,AROMAgroup,Салями картридж AG 100мл пласт.,Салями,machine_cartridge,100 мл,,Салями,1,unknown,null,False,True,SLOW,0,0,1,0,0,0,0,0,,False,True,В выполненном поиске не найден надёжно сопоставленный сигнал либо карточка не готова; это не доказательство отсутствия спроса. Нет пригодного существующего фото.
N020713,Christian Tortu,Аромадиффузор 250 мл Christian Tortu /TOMATO LEAF/ ТОМАТНЫЙ ЛИСТ,TOMATO LEAF,reed_diffuser,250 мл,,TOMATO LEAF,1,unknown,null,True,True,NORMAL,0,2,0,0,2,0,0,1,,False,False,"Подтверждена внешняя представленность аромата/модели, но сочетания сильных независимых сигналов недостаточно."
09877,AROMAgroup,Аппарат для ароматизации помещений AROMAgroup Shop 250 bt,Аппарат для ароматизации помещений Shop 250 bt,scent_machine,,,,1,unknown,null,True,True,NORMAL,0,2,0,0,2,0,0,1,,False,False,"Подтверждена внешняя представленность аромата/модели, но сочетания сильных независимых сигналов недостаточно."
084e10f7-dad6-11ee-b40a-f198e863aac1,AROMAgroup,Кофе Масала картридж AG 180мл пласт.,Кофе Масала,machine_cartridge,180 мл,,Кофе Масала,1,unknown,null,True,True,SLOW,0,0,1,0,0,0,0,0,,False,False,В выполненном поиске не найден надёжно сопоставленный сигнал либо карточка не готова; это не доказательство отсутствия спроса.
fcf32570-dad6-11ee-b40a-f198e863aac1,AROMAgroup,Тонка и жакаранда картридж AG 100мл пласт.,Тонка и жакаранда,machine_cartridge,100 мл,,Тонка и жакаранда,1,unknown,null,True,True,NORMAL,0,1,0,0,0,0,0,0,,False,False,"Подтверждена внешняя представленность аромата/модели, но сочетания сильных независимых сигналов недостаточно."
fc7e824a-136a-11ef-b412-e92179844ed4,AROMAgroup,Бербери картридж AG 180мл пласт.,Бербери,machine_cartridge,180 мл,,Бербери,1,unknown,null,True,True,NORMAL,0,1,0,0,1,0,0,0,,False,False,"Подтверждена внешняя представленность аромата/модели, но сочетания сильных независимых сигналов недостаточно."
MF-REFILL.08,MAMI MILANO,"MAMI MILANO Рефилл для диффузора COCCOLE DI TALCO / Пудровые объятия. Коллекция PALAZZO, 250 мл",COCCOLE DI TALCO,diffuser_refill,250 мл,PALAZZO,COCCOLE DI TALCO,1,unknown,null,True,True,SLOW,0,0,1,0,0,0,0,0,,False,False,В выполненном поиске не найден надёжно сопоставленный сигнал либо карточка не готова; это не доказательство отсутствия спроса.
MF-REFILL.06,MAMI MILANO,"MAMI MILANO Рефилл для диффузора NUVOLA DI COTONE / Хлопковое облако. Коллекция PALAZZO, 250 мл",NUVOLA DI COTONE,diffuser_refill,250 мл,PALAZZO,NUVOLA DI COTONE,1,unknown,null,True,True,NORMAL,0,1,0,0,1,0,0,0,,False,False,"Подтверждена внешняя представленность аромата/модели, но сочетания сильных независимых сигналов недостаточно."
MF-REFILL.12,MAMI MILANO,"MAMI MILANO Рефилл для диффузора VIA DELLE SPEZIE / Улица специй. Коллекция PALAZZO, 250 мл",VIA DELLE SPEZIE,diffuser_refill,250 мл,PALAZZO,VIA DELLE SPEZIE,1,unknown,null,True,True,NORMAL,0,1,0,0,1,0,0,0,,False,False,"Подтверждена внешняя представленность аромата/модели, но сочетания сильных независимых сигналов недостаточно."
CE500TFU.23,TEATRO Fragranze Uniche,"TEATRO Диффузор с палочками CERESIA / Черезия, 500 мл",CERESIA,reed_diffuser,500 мл,,CERESIA,1,unknown,null,True,True,NORMAL,0,2,0,0,2,0,0,1,,False,False,"Подтверждена внешняя представленность аромата/модели, но сочетания сильных независимых сигналов недостаточно."
8c80d0e5-231d-11ef-b412-e92179844ed4,TEATRO Fragranze Uniche,"TEATRO Диффузор с палочками CERESIA / Черезия, 250 мл",CERESIA,reed_diffuser,250 мл,,CERESIA,1,unknown,null,True,True,NORMAL,0,2,0,0,2,0,0,1,,False,False,"Подтверждена внешняя представленность аромата/модели, но сочетания сильных независимых сигналов недостаточно."
9980088,CULTI MILANO,Рефил для заправки диффузора Mediterranea 1000мл,Mediterranea,diffuser_refill,1000 мл,,Mediterranea,1,unknown,null,True,True,NORMAL,0,1,0,0,1,0,0,0,,False,False,"Подтверждена внешняя представленность аромата/модели, но сочетания сильных независимых сигналов недостаточно."
08d97776-bb50-11ef-b425-ed110731e4f3,TEATRO Fragranze Uniche,TEATRO Бокс №10 Натуральные бамбуковые палочки 30см для диффузора 250мл,Бокс №10 Натуральные бамбуковые палочки 30см для а,diffuser_sticks,,,,9,unknown,null,True,True,SLOW,0,0,1,0,0,0,0,0,,True,False,В выполненном поиске не найден надёжно сопоставленный сигнал либо карточка не готова; это не доказательство отсутствия спроса. Остаток ≥3: отдельная очередь high-stock push; остаток не повышает силу спроса.
63a36c45-bb50-11ef-b425-ed110731e4f3,TEATRO Fragranze Uniche,TEATRO Бокс №10 Черные бамбуковые палочки 30см для диффузора 250мл,Бокс №10 Черные бамбуковые палочки 30см для а,diffuser_sticks,,,,5,unknown,null,True,True,SLOW,0,0,1,0,0,0,0,0,,True,False,В выполненном поиске не найден надёжно сопоставленный сигнал либо карточка не готова; это не доказательство отсутствия спроса. Остаток ≥3: отдельная очередь high-stock push; остаток не повышает силу спроса.
83763644-bb50-11ef-b425-ed110731e4f3,TEATRO Fragranze Uniche,TEATRO Бокс №12 Натуральные бамбуковые палочки 36см для диффузора 500мл,Бокс №12 Натуральные бамбуковые палочки 36см для а,diffuser_sticks,,,,5,unknown,null,True,True,SLOW,0,0,1,0,0,0,0,0,,True,False,В выполненном поиске не найден надёжно сопоставленный сигнал либо карточка не готова; это не доказательство отсутствия спроса. Остаток ≥3: отдельная очередь high-stock push; остаток не повышает силу спроса.
fa750375-783b-11ed-b530-7c8bca00854e,AROMAgroup,Аппарат для ароматизации помещений AROMAgroup Dispenser Liquid bt V3.1 (черный),Аппарат для ароматизации помещений Dispenser Liquid bt V3.1 (черный),scent_machine,,,,2,unknown,null,True,True,NORMAL,0,1,0,0,1,0,0,1,,False,False,"Подтверждена внешняя представленность аромата/модели, но сочетания сильных независимых сигналов недостаточно."
fa750378-783b-11ed-b530-7c8bca00854e,AROMAgroup,Аппарат для ароматизации помещений AROMAgroup Dispenser Liquid bt V3.1 (белый),Аппарат для ароматизации помещений Dispenser Liquid bt V3.1 (белый),scent_machine,,,,1,unknown,null,True,True,NORMAL,0,1,0,0,0,0,0,0,,False,False,"Подтверждена внешняя представленность аромата/модели, но сочетания сильных независимых сигналов недостаточно."
876687,AROMAgroup,Игристая малина картридж AG 150 мл.,Игристая малина,machine_cartridge,150 мл,,Игристая малина,1,unknown,null,True,True,SLOW,0,0,1,0,0,0,0,0,,False,False,В выполненном поиске не найден надёжно сопоставленный сигнал либо карточка не готова; это не доказательство отсутствия спроса.
DV500RTFU,TEATRO Fragranze Uniche,"TEATRO Рефилл для диффузора DOLCE VANIGLIA / Сладкая ваниль, 500 мл",DOLCE VANIGLIA,diffuser_refill,500 мл,,DOLCE VANIGLIA,1,unknown,null,True,True,STRONG,0,5,0,0,4,0,0,2,13,False,False,Есть прямой сигнал для аромата плюс независимая представленность либо два независимых российских продавца. Не статус бестселлера VOZDOOH.
CAND-XM180,TEATRO Fragranze Uniche,"TEATRO Ароматическая свеча XMAS Christmas Collection, 180 г",XMAS,candle,180 г,Christmas Collection,XMAS,2,unknown,null,True,True,NORMAL,0,2,0,0,2,0,0,0,,False,False,"Подтверждена внешняя представленность аромата/модели, но сочетания сильных независимых сигналов недостаточно."
CAND-HOME180,TEATRO Fragranze Uniche,"TEATRO Ароматическая свеча HOME Luxury Сollection, 180 г",HOME,candle,180 г,Luxury Сollection,HOME,1,unknown,null,True,True,NORMAL,0,1,0,0,1,0,0,0,,False,False,"Подтверждена внешняя представленность аромата/модели, но сочетания сильных независимых сигналов недостаточно."
CAND-ROU180,TEATRO Fragranze Uniche,"TEATRO Ароматическая свеча ROSE OUD / Роза & Уд Luxury Сollection, 180 г",ROSE OUD,candle,180 г,Luxury Сollection,ROSE OUD,1,unknown,null,True,True,NORMAL,0,3,0,0,3,0,0,1,20,False,False,"Подтверждена внешняя представленность аромата/модели, но сочетания сильных независимых сигналов недостаточно."
CAPP-XMTFU,TEATRO Fragranze Uniche,TEATRO Подарочный набор в шляпной коробке XMAS Christmas (Диффузор с палочками 250 мл + рефилл 250 м,Подарочный набор в шляпной коробке XMAS Christmas ( + рефилл 250 м,gift_set,250 мл,,Подарочный набор в шляпной коробке XMAS Christmas ( + рефилл 250 м,2,unknown,null,False,True,SLOW,0,0,1,0,0,0,0,0,,False,True,Исходное название подарочного набора обрезано: состав и объём рефилла требуют сверки. Продвижение заблокировано. Нет пригодного существующего фото.
465636,CULTI MILANO,Рефил для заправки диффузора The 1000мл,The,diffuser_refill,1000 мл,,The,1,unknown,null,True,True,NORMAL,0,2,0,0,2,0,0,1,,False,False,"Представленность аромата подтверждена каталогами двух независимых продавцов (Candlesbox РФ и Bloomingdale's КСА); явные сигналы спроса (bestseller, отзывы) не подтвердились при повторной проверке. Не статус бестселлера VOZDOOH."
0b044a39-8588-11ed-b530-7c8bca00854e,VINOVE,Ароматизатор для автомобиля / VINOVE LEATHER ESPRESSO /коричневая кожа/ ROME/ РИМ,Ароматизатор для автомобиля,car_fragrance,,VINOVE LEATHER ESPRESSO,ROME,3,unknown,null,True,True,NORMAL,0,1,0,0,1,0,0,0,,True,False,"Подтверждена внешняя представленность аромата/модели, но сочетания сильных независимых сигналов недостаточно. Остаток ≥3: отдельная очередь high-stock push; остаток не повышает силу спроса."
90877,CULTI MILANO,Décor Limited Van Gogh Irises диффузор 500мл,Décor Limited Van Gogh Irises,reed_diffuser,500 мл,Décor Limited,Van Gogh Irises,1,unknown,null,True,True,NORMAL,0,1,0,0,1,0,0,0,,False,False,"Подтверждена внешняя представленность аромата/модели, но сочетания сильных независимых сигналов недостаточно."
67787900,AROMAgroup,Аппарат для ароматизации помещений AROMAgroup Dispenser Liquid PRO,Аппарат для ароматизации помещений Dispenser Liquid PRO,scent_machine,,,,1,unknown,null,True,True,NORMAL,0,2,0,0,2,0,0,0,,False,False,"Подтверждена внешняя представленность аромата/модели, но сочетания сильных независимых сигналов недостаточно."
0189,,Ножницы для фитиля,Ножницы для фитиля,wick_trimmer,,,,1,unknown,null,False,True,SLOW,0,0,1,0,0,0,0,0,,False,True,В выполненном поиске не найден надёжно сопоставленный сигнал либо карточка не готова; это не доказательство отсутствия спроса. Нет пригодного существующего фото.
65576,CULTI MILANO,Decor Limited Lambordhini диффузор 1000 мл,Decor Limited Lambordhini,reed_diffuser,1000 мл,Decor Limited,Lambordhini,1,unknown,null,True,True,NORMAL,0,1,0,0,1,0,0,0,,False,False,"Подтверждена внешняя представленность аромата/модели, но сочетания сильных независимых сигналов недостаточно."
890999,AROMAgroup,Аппарат для ароматизации помещений AROMAgroup Cafe 1000 Bt блютуз,Аппарат для ароматизации помещений Cafe 1000 Bt блютуз,scent_machine,,,,1,unknown,null,True,True,NORMAL,0,2,0,0,1,0,0,0,,False,False,"Подтверждена внешняя представленность аромата/модели, но сочетания сильных независимых сигналов недостаточно."
1112211,AROMAgroup,Пряный табак картридж AG 100мл пласт.,Пряный табак,machine_cartridge,100 мл,,Пряный табак,1,unknown,null,True,True,NORMAL,0,1,0,0,1,0,0,0,,False,False,"Подтверждена внешняя представленность аромата/модели, но сочетания сильных независимых сигналов недостаточно."
426b83df-1ab0-11ed-bb36-7c8bca00854e,AROMAgroup,Аппарат для ароматизации помещений AROMAgroup Shop 300 bt,Аппарат для ароматизации помещений Shop 300 bt,scent_machine,,,,1,unknown,null,True,True,NORMAL,0,2,0,0,2,0,0,1,,False,False,"Подтверждена внешняя представленность аромата/модели, но сочетания сильных независимых сигналов недостаточно."
54378,AROMAgroup,Аппарат для ароматизации помещений  ROMAgroup Hotel 1000 Bt,Аппарат для ароматизации помещений ROMAgroup Hotel 1000 Bt,scent_machine,,,,1,unknown,null,True,True,NORMAL,0,1,0,0,1,0,0,0,,False,False,"Подтверждена внешняя представленность аромата/модели, но сочетания сильных независимых сигналов недостаточно."
87654,AROMAgroup,Бордо картридж АG 150мл пласт.,Бордо,machine_cartridge,150 мл,,Бордо,2,unknown,null,True,True,NORMAL,0,1,0,0,1,0,0,0,,False,False,"Подтверждена внешняя представленность аромата/модели, но сочетания сильных независимых сигналов недостаточно."
45360,AROMAgroup,"Магма, 150 мл, пластик",Магма,machine_cartridge,150 мл,,Магма,1,unknown,null,True,True,NORMAL,0,1,0,0,1,0,0,1,,False,False,"Подтверждена внешняя представленность аромата/модели, но сочетания сильных независимых сигналов недостаточно."
675483,AROMAgroup,Бербери картридж AG 150мл пласт.,Бербери,machine_cartridge,150 мл,,Бербери,2,unknown,null,True,True,NORMAL,0,1,0,0,1,0,0,0,,False,False,"Подтверждена внешняя представленность аромата/модели, но сочетания сильных независимых сигналов недостаточно."
3444567,AROMAgroup,Джованни картридж AG 150мл пласт.,Джованни,machine_cartridge,150 мл,,Джованни,1,unknown,null,True,True,SLOW,0,0,1,0,0,0,0,0,,False,False,В выполненном поиске не найден надёжно сопоставленный сигнал либо карточка не готова; это не доказательство отсутствия спроса.
988768798,AROMAgroup,Бербери картридж AG 100мл пласт.,Бербери,machine_cartridge,100 мл,,Бербери,1,unknown,null,True,True,NORMAL,0,1,0,0,1,0,0,0,,False,False,"Подтверждена внешняя представленность аромата/модели, но сочетания сильных независимых сигналов недостаточно."
087654,AROMAgroup,Тадж- Махал картридж AG 100мл пласт.,Тадж- Махал,machine_cartridge,100 мл,,Тадж- Махал,1,unknown,null,True,True,SLOW,0,0,1,0,0,0,0,0,,False,False,В выполненном поиске не найден надёжно сопоставленный сигнал либо карточка не готова; это не доказательство отсутствия спроса.
132689,AROMAgroup,Благородная кожа картридж AG 100 мл,Благородная кожа,machine_cartridge,100 мл,,Благородная кожа,1,unknown,null,False,True,SLOW,0,0,1,0,0,0,0,0,,False,True,В выполненном поиске не найден надёжно сопоставленный сигнал либо карточка не готова; это не доказательство отсутствия спроса. Нет пригодного существующего фото.
N020334,VINOVE,Сменный блок ароматизатора PARIS / ПАРИЖ,Сменный блок ароматизатора PARIS,car_refill,,,PARIS,2,unknown,null,True,True,NORMAL,0,1,0,0,1,0,0,0,,False,False,"Подтверждена внешняя представленность аромата/модели, но сочетания сильных независимых сигналов недостаточно."
df29d344-d192-11ec-be83-7c8bca00854e,CULTI MILANO,Stile Classic диффузор Aramara 250мл,Stile Classic Aramara,reed_diffuser,250 мл,Stile Classic,Aramara,1,unknown,null,True,True,CORE / PRIORITY,0,5,0,3,5,3,2,1,3,False,False,Два независимых явных bestseller-сигнала для конкретного аромата; карточка имеет фото и описание. Подтверждение объёма ограничено указанными evidence.
df29d346-d192-11ec-be83-7c8bca00854e,CULTI MILANO,Stile Classic диффузор Tessuto 250мл,Stile Classic Tessuto,reed_diffuser,250 мл,Stile Classic,Tessuto,2,unknown,null,True,True,CORE / PRIORITY,0,5,0,2,5,2,2,1,4,False,False,Два независимых явных bestseller-сигнала для конкретного аромата; карточка имеет фото и описание. Подтверждение объёма ограничено указанными evidence.
df29d34a-d192-11ec-be83-7c8bca00854e,CULTI MILANO,Stile Classic диффузор Aqqua 250мл,Stile Classic Aqqua,reed_diffuser,250 мл,Stile Classic,Aqqua,1,unknown,null,True,True,STRONG,0,2,0,1,2,1,0,0,9,False,False,Есть прямой сигнал для аромата плюс независимая представленность либо два независимых российских продавца. Не статус бестселлера VOZDOOH.
df29d34e-d192-11ec-be83-7c8bca00854e,CULTI MILANO,Stile Classic диффузор Supreme Amber 250мл,Stile Classic Supreme Amber,reed_diffuser,250 мл,Stile Classic,Supreme Amber,1,unknown,null,True,True,NORMAL,0,1,0,0,1,0,0,0,,False,False,"Подтверждена внешняя представленность аромата/модели, но сочетания сильных независимых сигналов недостаточно."
802e8ad6-d19b-11ec-be83-7c8bca00854e,CULTI MILANO,Stile Classic диффузор Era 500мл,Stile Classic Era,reed_diffuser,500 мл,Stile Classic,Era,1,unknown,null,True,True,NORMAL,0,1,0,0,1,0,0,0,,False,False,"Подтверждена внешняя представленность аромата/модели, но сочетания сильных независимых сигналов недостаточно."
802e8adf-d19b-11ec-be83-7c8bca00854e,CULTI MILANO,Decor Classic диффузор Mediterranea 250мл,Decor Classic Mediterranea,reed_diffuser,250 мл,Decor Classic,Mediterranea,1,unknown,null,True,True,NORMAL,0,1,0,0,1,0,0,0,,False,False,"Подтверждена внешняя представленность аромата/модели, но сочетания сильных независимых сигналов недостаточно."
802e8ae5-d19b-11ec-be83-7c8bca00854e,CULTI MILANO,Decor Classic диффузор Aramara 250мл,Decor Classic Aramara,reed_diffuser,250 мл,Decor Classic,Aramara,1,unknown,null,True,True,CORE / PRIORITY,0,5,0,3,5,3,2,1,1,False,False,Два независимых явных bestseller-сигнала для конкретного аромата; карточка имеет фото и описание. Подтверждение объёма ограничено указанными evidence.
802e8aeb-d19b-11ec-be83-7c8bca00854e,CULTI MILANO,Decor Classic диффузор Mountain 500мл,Decor Classic Mountain,reed_diffuser,500 мл,Decor Classic,Mountain,1,unknown,null,True,True,NORMAL,0,1,0,0,1,0,0,0,,False,False,"Подтверждена внешняя представленность аромата/модели, но сочетания сильных независимых сигналов недостаточно."
802e8b01-d19b-11ec-be83-7c8bca00854e,CULTI MILANO,Stile Colours Green диффузор The 500мл,Stile Colours Green The,reed_diffuser,500 мл,Stile Colours Green,The,1,unknown,null,True,True,NORMAL,0,2,0,0,2,0,0,1,,False,False,"Представленность аромата подтверждена каталогами двух независимых продавцов (Candlesbox РФ и Bloomingdale's КСА); явные сигналы спроса (bestseller, отзывы) не подтвердились при повторной проверке. Не статус бестселлера VOZDOOH."
802e8b03-d19b-11ec-be83-7c8bca00854e,CULTI MILANO,Stile Limited Gratia диффузор 500мл,Stile Limited Gratia,reed_diffuser,500 мл,Stile Limited,Gratia,1,unknown,null,True,True,NORMAL,0,1,0,0,1,0,0,1,,False,False,"Подтверждена внешняя представленность аромата/модели, но сочетания сильных независимых сигналов недостаточно."
802e8b05-d19b-11ec-be83-7c8bca00854e,CULTI MILANO,Decor Limited Malia диффузор 500мл,Decor Limited Malia,reed_diffuser,500 мл,Decor Limited,Malia,2,unknown,null,True,True,NORMAL,0,1,0,0,1,0,0,0,,False,False,"Подтверждена внешняя представленность аромата/модели, но сочетания сильных независимых сигналов недостаточно."
802e8b0c-d19b-11ec-be83-7c8bca00854e,CULTI MILANO,Саше для автомобиля Mareminerale 7х7см,Саше для автомобиля Mareminerale 7х7см,car_sachet,,,Mareminerale,2,unknown,null,True,True,STRONG,1,1,0,1,2,1,0,0,6,False,False,Есть прямой сигнал для аромата плюс независимая представленность либо два независимых российских продавца. Не статус бестселлера VOZDOOH.
